"name","key","type","sequence"
"Ano9-1",1,"negative","CACCAATGGCAACTGGTCCCCTT"
"Ano9-2",2,"negative","AGGGTCTGGAGGTCAGCCACCAG"
"Bace-1",3,"negative","ATGTCACTGTGAAGTACACACAG"
"Bace-2",4,"negative","GGATGGTGACAAGGTCCTCACCA"
"Brd1-1",5,"experimental","CAGGGTCCTTCTCCTGTAGCTGC"
"Brd1-2",6,"experimental","CCCAGCCCGTGAGTCTCAAGGAG"
"Brd1-3",7,"experimental","CTCATTGTAGCAAAGTCCATGGG"
"Brd2-1",8,"experimental","CATGGCCATTCCGGCAGCCTGTG"
"Brd2-2",9,"experimental","AAGTCTCCTCTTGATAGTACCCA"
"Brd2-3",10,"experimental","ATACTATGTTTACCAACTGTTAC"
"Brd4-1",11,"positive","CATAGTGTCTTGAGCACCACTCT"
"Brd4-2",12,"positive","GTGCTGATGTCCGATTGATGTTC"
"Brd4-3",13,"positive","GAGCCATGGCTACCACTTCATGG"
"Brd8-1",14,"experimental","CTGCAGCCCTCCATACAAGCATG"
"Brd8-2",15,"experimental","TTTATAGTTGACAAATCCATAGG"
"Brd8-3",16,"experimental","AATGTTTTTCTTTATAGTTGACA"
"Brd9-1",17,"experimental","CTTTTCCTGTTACGGATGCAATT"
"Brd9-2",18,"experimental","CTGTTACGGATGCAATTGCTCCT"
"Brd9-3",19,"experimental","TAGTACACGGTGTCTGGTCTATT"
"Brpf1-1",20,"experimental","CTCATCCTCCTCCGAAAAACCTT"
"Brpf1-2",21,"experimental","ATGTGGTCTAGGTAGTCGGGTAC"
"Brpf1-3",22,"experimental","ACCATGAAGCAGAACTTGGAGGC"
"Dcc-1",23,"negative","GGTACCCAAGCTGGCTTTTGTAC"
"Dcc-2",24,"negative","CAAATTAAACCTTTCACGTCACT"
"Ehmt1-1",25,"experimental","TCGGACACAGGACATGGGCTGGG"
"Ehmt1-2",26,"experimental","GGACTCTGAAGCTGATGTTCGGG"
"Ehmt1-3",27,"experimental","TGAACCGGCTGACATTCCCATAG"
"Ehmt2-1",28,"experimental","CTGCATTGATGCCCGTTACTATG"
"Ehmt2-2",29,"experimental","ATGCTGCACCAAGATCTACGGTT"
"Ehmt2-3",30,"experimental","ACTACGGTGACCGATTCTGGGAC"
"Esrrb-1",31,"negative","GCATTGCCCTGAGCACCCACGCC"
"Esrrb-2",32,"negative","GTGATCTCACATTCATTGGTGGC"
"Fev-1",33,"negative","AGGAAGGGAAGAGCCCGAGCTGG"
"Fev-2",34,"negative","TCCTGGAGCTGCTGGCAGATCGC"
"Irx1-1",35,"negative","AATACGGGGATCCCGGACGGCCC"
"Irx1-2",36,"negative","AGCGTGCTGGTGCTCTCCCGCGT"
"Htr2c-1",37,"negative","GAAAGAAGGTGTTCATTGGCCTA"
"Htr2c-2",38,"negative","TTCTTAGCGACCCCTCTTTCAAT"
"Jarid2-1",39,"experimental","GTCTCGAGACCAGCATGAGGTAG"
"Jarid2-2",40,"experimental","TACCTCATGCTGGTCTCGAGACC"
"Jarid2-3",41,"experimental","GACACAAAGGATCCCGGGAAGCA"
"Jmjd6-1",42,"experimental","TGATGGGGCCACCGCGTTCTGGA"
"Jmjd6-2",43,"experimental","TTGGGAAGAGGCACCACCGCTTG"
"Jmjd6-3",44,"experimental","ATGTCATCTATCCCCGGACACAG"
"Kdm2a-1",45,"experimental","CACCTTGGTGGATGTGATACCAA"
"Kdm2a-2",46,"experimental","GAGGTACTTCTGTTTGGTATCAC"
"Kdm2a-3",47,"experimental","GTATCACATCCACCAAGGTGGAA"
"Kdm4a-1",48,"experimental","CTTCGGCATGTGGAAGACGTCCT"
"Kdm4a-2",49,"experimental","CCATGCTCAGGTGGAACAGAGTA"
"Kdm4a-3",50,"experimental","CCAGGAAGTGCTCAAAGCTGTGA"
"Lama1-1",51,"negative","CAGAACATCTCAGGCCCCTTCTC"
"Lama1-2",52,"negative","CAGGCCGAGGGGCATTGGCAGCT"
"Moz-1",53,"experimental","CCGAAAGAATAATATTTCTGTCT"
"Moz-2",54,"experimental","ACAATAAATGGTACTCACGTTCC"
"Moz-3",55,"experimental","TCAGGAGAGCCTGCTTGGCCTTC"
"Ncoa2-1",56,"experimental","CCTCTGCCTCTGGGCCAGCATCT"
"Ncoa2-2",57,"experimental","ATGATGAGAGGACAGGGCTTGAA"
"Ncoa2-3",58,"experimental","CTGGGGCTACAACTCCCCAGAGT"
"Ncoa3-1",59,"experimental","GAGTCCAAACAGGATGTTTTCCA"
"Ncoa3-2",60,"experimental","CAAGGCCAAGAAGCAGCAGTAAT"
"Ncoa3-3",61,"experimental","ACCTTCAGGGACAGTCACCATCG"
"Nmu-1",62,"negative","CAAGCGTCTGCACAGCAGGCGAG"
"Nmu-2",63,"negative","TGTCCATTGATTCCAGGCCTCAG"
"Opn4-1",64,"negative","CTGGTGTCCGCAGGCCTCTGTTC"
"Opn4-2",65,"negative","CCAGCAGCCTCTACAAGAAGTGG"
"Rosa21-1",66,"negative","AGCCTGCCCAGAAGACTCCCGCC"
"Rosa26-2",67,"negative","CACCTGTTCAATTCCCCTGCAGG"
"Rpa3-1",68,"positive","CTTCTCCATCTGAAAGAATAAAC"
"Rpa3-2",69,"positive","CAACTACTTCTACAATCCCAGAG"
"Rpa3-3",70,"positive","CAATGAAGCTGTGAAAATTATCA"
"Setd2-1",71,"experimental","TGTAAGTATGACTTCTACATCTG"
"Setd2-2",72,"experimental","TGATCAAGTACCTCTCCACAGTA"
"Setd2-3",73,"experimental","CCACCAAACTAGTTCCTTCAGGC"
"Setd5-1",74,"experimental","CCACGATATTCTATTATAAGAGT"
"Setd5-2",75,"experimental","AAGAAATGCCCATTGACCTCAAA"
"Setd5-3",76,"experimental","TGCTCTTCTACTCAAAATTCAAT"
"Sirt1-1",77,"experimental","TAAAATACTCAATATCAAACATG"
"Sirt1-2",78,"experimental","CTTCCTTATCTGACAAAGCTATG"
"Sirt1-3",79,"experimental","TAAATACAAAGTTGATTGTGAAG"
"Suv39h1-1",80,"experimental","CAGCGTGCGGACACCCCAGCCTC"
"Suv39h1-2",81,"experimental","ACCTGGACTACGTGGAAGACGTA"
"Suv39h1-3",82,"experimental","CCACAAGAACCATCTGGGCGGGC"
"Suv420h1-1",83,"experimental","TGAAAGTTCGGCAATACAACCCA"
"Suv420h1-2",84,"experimental","CTTGTGGAATACATGACACTGAA"
"Suv420h1-3",85,"experimental","TAAATGCAGCAGGACCGAGCCAG"
"Trim28-1",86,"experimental","AACATGCGGCCCACATCTTGAGC"
"Trim28-2",87,"experimental","CTCAAGATGTGGGCCGCATGTTC"
"Trim28-3",88,"experimental","AGACACGCATGAATGATGCCTTT"
"Whsc1-1",89,"experimental","GCAACCAGGCCCCACCCTTTGCC"
"Whsc1-2",90,"experimental","TTAATGAGTATGTTGGTGAGCTG"
"Whsc1-3",91,"experimental","GGGCCAGCATCAATTATGCGGTC"
